epoch, wall, LR,training_loss_f,training_loss_e,training_loss,training_f_mae,training_f_rmse,training_H_f_mae,training_C_f_mae,training_psavg_f_mae,training_H_f_rmse,training_C_f_rmse,training_psavg_f_rmse,training_e_mae,training_e/N_mae,validation_loss_f,validation_loss_e,validation_loss,validation_f_mae,validation_f_rmse,validation_H_f_mae,validation_C_f_mae,validation_psavg_f_mae,validation_H_f_rmse,validation_C_f_rmse,validation_psavg_f_rmse,validation_e_mae,validation_e/N_mae
         1,   28.085,    0.005,         0.095366,        0.0030005,         0.098367,         5.12,         8.91,         3.58,         6.89,         5.24,         5.63,         11.6,          8.6,         13.2,        0.882,        0.0072399,        6.179e-06,        0.0072461,         1.83,         2.45,         1.58,         2.12,         1.85,         2.15,         2.76,         2.45,        0.806,       0.0538
         2,   49.171,    0.005,        0.0046527,       7.2153e-05,        0.0047249,         1.43,         1.97,         1.09,         1.83,         1.46,         1.48,         2.41,         1.94,         2.98,        0.199,        0.0021025,        9.349e-07,        0.0021035,         0.94,         1.32,        0.709,          1.2,        0.956,         1.03,         1.59,         1.31,        0.316,       0.0211
epoch, wall, LR,training_loss_f,training_loss_e,training_loss,training_f_mae,training_f_rmse,training_H_f_mae,training_C_f_mae,training_psavg_f_mae,training_H_f_rmse,training_C_f_rmse,training_psavg_f_rmse,training_e_mae,training_e/N_mae,validation_loss_f,validation_loss_e,validation_loss,validation_f_mae,validation_f_rmse,validation_H_f_mae,validation_C_f_mae,validation_psavg_f_mae,validation_H_f_rmse,validation_C_f_rmse,validation_psavg_f_rmse,validation_e_mae,validation_e/N_mae
         1,   27.498,    0.005,         0.095366,        0.0030005,         0.098367,         5.12,         8.91,         3.58,         6.89,         5.24,         5.63,         11.6,          8.6,         13.2,        0.882,        0.0072399,       6.1863e-06,        0.0072461,         1.83,         2.45,         1.58,         2.12,         1.85,         2.15,         2.76,         2.45,        0.807,       0.0538
         2,   48.715,    0.005,        0.0046528,       7.2163e-05,         0.004725,         1.43,         1.97,         1.09,         1.83,         1.46,         1.48,         2.41,         1.94,         2.98,        0.199,        0.0021025,       9.3151e-07,        0.0021035,         0.94,         1.32,        0.709,          1.2,        0.956,         1.03,         1.59,         1.31,        0.316,        0.021
         3,   70.175,    0.005,        0.0022253,       5.1764e-05,        0.0022771,        0.974,         1.36,        0.704,         1.28,        0.994,        0.947,         1.71,         1.33,         2.59,        0.173,        0.0012181,       4.8072e-07,        0.0012186,        0.702,         1.01,        0.506,        0.926,        0.716,         0.73,         1.25,         0.99,        0.223,       0.0149
         4,   91.761,    0.005,        0.0014507,       1.3872e-05,        0.0014646,        0.784,          1.1,        0.551,         1.05,        0.801,         0.74,          1.4,         1.07,         1.26,       0.0843,       0.00091048,       3.4773e-07,       0.00091083,        0.598,         0.87,        0.425,        0.796,         0.61,        0.615,         1.09,        0.853,        0.192,       0.0128
         5,  113.480,    0.005,        0.0013449,       1.6051e-05,        0.0013609,         0.76,         1.06,        0.539,         1.01,        0.776,        0.716,         1.35,         1.03,         1.38,        0.092,       0.00070478,       2.7654e-07,       0.00070506,        0.522,        0.766,        0.372,        0.695,        0.533,        0.541,         0.96,         0.75,        0.176,       0.0117
         6,  134.906,    0.005,       0.00094569,       4.5339e-06,       0.00095022,        0.633,        0.887,        0.439,        0.855,        0.647,        0.586,         1.14,        0.862,        0.731,       0.0487,       0.00055075,       1.8915e-07,       0.00055094,        0.464,        0.677,        0.326,        0.623,        0.474,         0.46,         0.86,         0.66,        0.139,      0.00929
         7,  156.746,    0.005,       0.00087724,       5.1917e-06,       0.00088243,        0.604,        0.854,        0.414,        0.821,        0.618,         0.56,          1.1,        0.829,        0.794,       0.0529,        0.0004463,       1.2196e-07,       0.00044642,        0.417,        0.609,        0.289,        0.564,        0.426,        0.408,        0.778,        0.593,        0.113,      0.00752
         8,  178.349,    0.005,       0.00066544,        4.422e-06,       0.00066986,        0.533,        0.744,        0.369,        0.719,        0.544,        0.495,        0.952,        0.723,        0.718,       0.0478,       0.00036804,       1.0141e-07,       0.00036814,         0.38,        0.553,        0.263,        0.513,        0.388,        0.372,        0.706,        0.539,        0.107,       0.0071
         9,  200.176,    0.005,       0.00070712,       4.7859e-06,       0.00071191,        0.543,        0.767,        0.373,        0.738,        0.556,        0.503,        0.985,        0.744,        0.716,       0.0477,       0.00031573,       8.2291e-08,       0.00031582,        0.353,        0.512,        0.246,        0.474,         0.36,        0.353,        0.648,        0.501,       0.0916,       0.0061
        10,  221.817,    0.005,       0.00057198,       3.6993e-06,       0.00057568,        0.488,         0.69,        0.328,        0.671,          0.5,        0.438,        0.894,        0.666,          0.7,       0.0467,       0.00026851,       5.8619e-08,       0.00026857,        0.327,        0.473,         0.23,        0.438,        0.334,        0.328,        0.596,        0.462,       0.0797,      0.00531
        11,  243.354,    0.005,       0.00052424,       3.8026e-06,       0.00052804,        0.464,         0.66,        0.311,         0.64,        0.475,        0.417,        0.858,        0.637,        0.694,       0.0463,       0.00023856,       4.7133e-08,        0.0002386,        0.308,        0.445,        0.216,        0.414,        0.315,        0.308,        0.563,        0.435,       0.0697,      0.00465
        12,  264.729,    0.005,       0.00054948,       3.7672e-06,       0.00055325,        0.477,        0.676,        0.323,        0.653,        0.488,        0.435,        0.874,        0.654,        0.691,       0.0461,       0.00021956,       4.5501e-08,        0.0002196,        0.295,        0.427,        0.205,        0.398,        0.302,        0.291,        0.543,        0.417,       0.0691,       0.0046
        13,  286.518,    0.005,       0.00036363,       2.2875e-06,       0.00036592,        0.395,         0.55,        0.277,        0.529,        0.403,        0.374,        0.699,        0.536,        0.533,       0.0356,       0.00019778,       4.4717e-08,       0.00019783,        0.282,        0.406,        0.199,        0.377,        0.288,        0.285,         0.51,        0.397,       0.0694,      0.00463
        14,  308.025,    0.005,       0.00041023,       2.6324e-06,       0.00041286,        0.416,        0.584,        0.288,        0.561,        0.425,         0.39,        0.747,        0.568,        0.567,       0.0378,       0.00018302,       4.3975e-08,       0.00018307,        0.272,         0.39,        0.191,        0.364,        0.278,        0.271,        0.492,        0.382,       0.0691,       0.0046
        15,  329.960,    0.005,       0.00033153,       2.1404e-06,       0.00033368,        0.376,        0.525,        0.259,        0.509,        0.384,        0.351,        0.671,        0.511,        0.506,       0.0337,       0.00016576,       3.4205e-08,       0.00016579,         0.26,        0.371,        0.183,        0.347,        0.265,        0.261,        0.467,        0.364,       0.0628,      0.00419
        16,  351.525,    0.005,       0.00034333,       2.4477e-06,       0.00034578,        0.385,        0.534,        0.267,         0.52,        0.394,        0.357,        0.683,         0.52,        0.564,       0.0376,       0.00015627,       3.7893e-08,       0.00015631,        0.252,        0.361,        0.178,        0.337,        0.257,        0.253,        0.453,        0.353,       0.0659,       0.0044
        17,  373.485,    0.005,        0.0003835,       2.2367e-06,       0.00038573,        0.405,        0.565,        0.278,         0.55,        0.414,        0.373,        0.724,        0.549,        0.491,       0.0327,       0.00014722,        3.198e-08,       0.00014725,        0.245,         0.35,        0.173,        0.328,        0.251,        0.245,         0.44,        0.343,       0.0587,      0.00392
        18,  395.134,    0.005,       0.00027976,         1.43e-06,       0.00028119,        0.348,        0.482,        0.243,        0.469,        0.356,        0.324,        0.615,         0.47,        0.396,       0.0264,       0.00014181,       3.3463e-08,       0.00014185,         0.24,        0.343,        0.169,        0.321,        0.245,        0.239,        0.433,        0.336,         0.06,        0.004
        19,  416.509,    0.005,        0.0002517,       1.4197e-06,       0.00025312,        0.327,        0.458,        0.222,        0.447,        0.334,        0.298,        0.589,        0.444,        0.411,       0.0274,       0.00013461,       3.2955e-08,       0.00013464,        0.233,        0.335,        0.164,        0.312,        0.238,        0.233,        0.422,        0.327,       0.0625,      0.00417
        20,  438.201,    0.005,       0.00025352,       2.0825e-06,        0.0002556,        0.323,        0.459,        0.214,        0.449,        0.331,        0.287,        0.598,        0.443,        0.478,       0.0318,       0.00012794,       3.3103e-08,       0.00012797,        0.227,        0.326,        0.159,        0.305,        0.232,        0.226,        0.412,        0.319,       0.0613,      0.00408
epoch, wall, LR,training_loss_f,training_loss_e,training_loss,training_f_mae,training_f_rmse,training_H_f_mae,training_C_f_mae,training_psavg_f_mae,training_H_f_rmse,training_C_f_rmse,training_psavg_f_rmse,training_e_mae,training_e/N_mae,validation_loss_f,validation_loss_e,validation_loss,validation_f_mae,validation_f_rmse,validation_H_f_mae,validation_C_f_mae,validation_psavg_f_mae,validation_H_f_rmse,validation_C_f_rmse,validation_psavg_f_rmse,validation_e_mae,validation_e/N_mae
         1,   27.001,    0.005,         0.095366,        0.0030005,         0.098367,         5.12,         8.91,         3.58,         6.89,         5.23,         5.63,         11.6,          8.6,         13.2,        0.882,        0.0072399,       6.1988e-06,        0.0072461,         1.83,         2.45,         1.58,         2.12,         1.85,         2.15,         2.76,         2.45,        0.808,       0.0539
         2,   49.294,    0.005,        0.0046528,       7.2156e-05,        0.0047249,         1.43,         1.97,         1.09,         1.83,         1.46,         1.48,         2.41,         1.94,         2.98,        0.199,        0.0021025,       9.3051e-07,        0.0021034,         0.94,         1.32,        0.709,          1.2,        0.956,         1.03,         1.59,         1.31,        0.315,        0.021
         3,   70.424,    0.005,        0.0022252,       5.1731e-05,         0.002277,        0.974,         1.36,        0.704,         1.28,        0.994,        0.947,         1.71,         1.33,         2.59,        0.173,        0.0012181,       4.7768e-07,        0.0012186,        0.702,         1.01,        0.506,        0.926,        0.716,         0.73,         1.25,         0.99,        0.222,       0.0148
         4,   91.557,    0.005,        0.0014507,       1.3868e-05,        0.0014646,        0.784,          1.1,        0.551,         1.05,        0.801,         0.74,          1.4,         1.07,         1.26,       0.0842,       0.00091048,       3.4941e-07,       0.00091083,        0.598,         0.87,        0.425,        0.796,         0.61,        0.615,         1.09,        0.853,        0.192,       0.0128
         5,  112.569,    0.005,        0.0013449,        1.607e-05,        0.0013609,         0.76,         1.06,        0.539,         1.01,        0.776,        0.716,         1.35,         1.03,         1.38,       0.0921,       0.00070478,       2.7707e-07,       0.00070506,        0.522,        0.766,        0.372,        0.695,        0.533,        0.541,         0.96,         0.75,        0.176,       0.0117
         6,  133.976,    0.005,       0.00094573,       4.5296e-06,       0.00095026,        0.633,        0.887,        0.439,        0.855,        0.647,        0.586,         1.14,        0.862,         0.73,       0.0487,       0.00055076,       1.8616e-07,       0.00055095,        0.464,        0.677,        0.326,        0.623,        0.474,         0.46,         0.86,         0.66,        0.138,      0.00923
         7,  155.531,    0.005,       0.00087719,       5.2083e-06,        0.0008824,        0.604,        0.854,        0.414,        0.821,        0.618,         0.56,          1.1,        0.829,        0.796,        0.053,        0.0004463,       1.2107e-07,       0.00044643,        0.417,        0.609,        0.289,        0.564,        0.426,        0.408,        0.778,        0.593,        0.113,      0.00752
         8,  176.773,    0.005,       0.00066536,       4.4095e-06,       0.00066977,        0.533,        0.744,        0.369,        0.719,        0.544,        0.495,        0.952,        0.723,        0.716,       0.0477,       0.00036804,       1.0247e-07,       0.00036814,         0.38,        0.553,        0.263,        0.513,        0.388,        0.372,        0.706,        0.539,        0.108,      0.00719
         9,  198.059,    0.005,       0.00070721,       4.7897e-06,         0.000712,        0.543,        0.767,        0.373,        0.738,        0.556,        0.504,        0.985,        0.744,        0.715,       0.0477,       0.00031574,       8.2313e-08,       0.00031582,        0.353,        0.512,        0.246,        0.474,         0.36,        0.353,        0.648,        0.501,       0.0913,      0.00608
        10,  219.250,    0.005,       0.00057203,       3.7015e-06,       0.00057573,        0.488,         0.69,        0.328,        0.671,          0.5,        0.438,        0.894,        0.666,          0.7,       0.0467,       0.00026851,       5.9446e-08,       0.00026857,        0.327,        0.473,         0.23,        0.438,        0.334,        0.328,        0.596,        0.462,         0.08,      0.00533
        11,  240.362,    0.005,       0.00052428,       3.8043e-06,       0.00052808,        0.464,         0.66,        0.311,         0.64,        0.475,        0.417,        0.858,        0.637,        0.694,       0.0463,       0.00023856,       4.7345e-08,        0.0002386,        0.308,        0.445,        0.216,        0.414,        0.315,        0.308,        0.563,        0.435,         0.07,      0.00467
        12,  261.899,    0.005,       0.00054946,       3.7715e-06,       0.00055323,        0.477,        0.676,        0.323,        0.653,        0.488,        0.435,        0.874,        0.654,        0.692,       0.0461,       0.00021956,       4.6221e-08,        0.0002196,        0.295,        0.427,        0.205,        0.398,        0.302,        0.291,        0.543,        0.417,       0.0706,      0.00471
        13,  283.027,    0.005,       0.00036364,       2.2829e-06,       0.00036592,        0.395,         0.55,        0.277,        0.529,        0.403,        0.374,        0.699,        0.536,        0.533,       0.0355,       0.00019778,        4.495e-08,       0.00019783,        0.282,        0.406,        0.199,        0.377,        0.288,        0.285,         0.51,        0.397,       0.0694,      0.00463
        14,  304.147,    0.005,       0.00041027,       2.6442e-06,       0.00041291,        0.416,        0.584,        0.288,        0.561,        0.425,         0.39,        0.747,        0.568,        0.568,       0.0379,       0.00018303,       4.3382e-08,       0.00018307,        0.272,         0.39,        0.191,        0.364,        0.278,        0.271,        0.492,        0.382,         0.07,      0.00467
        15,  325.330,    0.005,       0.00033159,       2.1388e-06,       0.00033373,        0.376,        0.525,        0.259,        0.509,        0.384,        0.351,        0.671,        0.511,        0.506,       0.0337,       0.00016576,       3.3357e-08,       0.00016579,         0.26,        0.371,        0.183,        0.347,        0.265,        0.261,        0.467,        0.364,       0.0616,       0.0041
        16,  346.849,    0.005,       0.00034335,       2.4401e-06,       0.00034579,        0.385,        0.534,        0.267,         0.52,        0.394,        0.357,        0.683,         0.52,        0.564,       0.0376,       0.00015627,       3.8952e-08,       0.00015631,        0.252,        0.361,        0.178,        0.337,        0.257,        0.253,        0.453,        0.353,       0.0659,       0.0044
        17,  368.151,    0.005,       0.00038345,       2.2327e-06,       0.00038569,        0.405,        0.565,        0.278,         0.55,        0.414,        0.373,        0.724,        0.548,        0.491,       0.0327,       0.00014722,       3.2277e-08,       0.00014725,        0.245,         0.35,        0.173,        0.328,        0.251,        0.245,         0.44,        0.343,       0.0597,      0.00398
        18,  389.401,    0.005,       0.00027979,       1.4278e-06,       0.00028122,        0.348,        0.482,        0.243,        0.469,        0.356,        0.324,        0.615,         0.47,        0.395,       0.0264,       0.00014181,       3.3591e-08,       0.00014185,         0.24,        0.343,        0.169,        0.321,        0.245,        0.239,        0.433,        0.336,       0.0594,      0.00396
        19,  410.992,    0.005,        0.0002517,       1.4195e-06,       0.00025312,        0.327,        0.458,        0.222,        0.447,        0.334,        0.298,        0.589,        0.444,        0.411,       0.0274,        0.0001346,       3.3379e-08,       0.00013464,        0.233,        0.335,        0.164,        0.312,        0.238,        0.233,        0.422,        0.327,       0.0631,      0.00421
        20,  432.079,    0.005,       0.00025353,       2.0823e-06,       0.00025562,        0.323,        0.459,        0.214,        0.449,        0.331,        0.287,        0.598,        0.443,        0.477,       0.0318,       0.00012794,       3.2425e-08,       0.00012797,        0.227,        0.326,        0.159,        0.305,        0.232,        0.226,        0.412,        0.319,         0.06,        0.004
        21,  453.093,    0.005,       0.00022602,        2.677e-06,        0.0002287,        0.309,        0.434,        0.207,        0.425,        0.316,        0.279,         0.56,         0.42,        0.585,        0.039,       0.00012147,       2.7678e-08,        0.0001215,        0.221,        0.318,        0.156,        0.297,        0.226,        0.222,          0.4,        0.311,       0.0572,      0.00381
        22,  474.340,    0.005,       0.00021018,       1.4928e-06,       0.00021167,        0.299,        0.418,        0.205,        0.407,        0.306,        0.275,        0.537,        0.406,        0.424,       0.0282,       0.00011368,       2.9161e-08,       0.00011371,        0.214,        0.307,        0.153,        0.284,        0.219,        0.218,        0.385,        0.302,       0.0559,      0.00373
        23,  495.645,    0.005,       0.00022184,       2.5202e-06,       0.00022436,        0.304,         0.43,        0.207,        0.416,        0.311,        0.278,        0.554,        0.416,        0.551,       0.0368,        0.0001102,       2.5876e-08,       0.00011022,        0.211,        0.303,        0.149,        0.281,        0.215,        0.213,         0.38,        0.297,       0.0541,       0.0036
        24,  516.941,    0.005,        0.0002295,       1.7593e-06,       0.00023126,        0.308,        0.437,        0.207,        0.424,        0.315,        0.277,        0.567,        0.422,        0.471,       0.0314,       0.00010509,       2.3015e-08,       0.00010512,        0.206,        0.296,        0.145,        0.275,         0.21,        0.208,        0.371,         0.29,       0.0519,      0.00346
        25,  538.274,    0.005,        0.0001962,       1.2159e-06,       0.00019741,        0.288,        0.404,        0.199,         0.39,        0.294,        0.267,        0.518,        0.392,        0.373,       0.0249,       0.00010202,       2.4541e-08,       0.00010205,        0.203,        0.291,        0.144,         0.27,        0.207,        0.205,        0.366,        0.285,       0.0519,      0.00346
        26,  559.062,    0.005,       0.00021213,       1.3553e-06,       0.00021349,        0.299,         0.42,        0.203,        0.408,        0.305,        0.275,         0.54,        0.408,        0.401,       0.0267,       0.00010021,       2.0981e-08,       0.00010023,        0.201,        0.289,        0.143,        0.268,        0.205,        0.205,        0.361,        0.283,       0.0487,      0.00325
        27,  580.446,    0.005,        0.0001853,       6.9208e-07,       0.00018599,        0.283,        0.393,        0.197,        0.382,         0.29,        0.262,        0.502,        0.382,        0.285,        0.019,       9.5672e-05,        2.096e-08,       9.5693e-05,        0.197,        0.282,        0.139,        0.262,        0.201,        0.199,        0.354,        0.276,       0.0478,      0.00319
        28,  601.543,    0.005,       0.00014756,       1.0784e-06,       0.00014864,        0.251,         0.35,        0.176,        0.337,        0.257,        0.238,        0.445,        0.342,        0.341,       0.0227,       9.1936e-05,       1.8247e-08,       9.1954e-05,        0.192,        0.277,        0.136,        0.256,        0.196,        0.195,        0.347,        0.271,       0.0447,      0.00298
        29,  623.446,    0.005,       0.00012492,       6.9308e-07,       0.00012561,        0.231,        0.322,        0.159,        0.313,        0.236,        0.214,        0.413,        0.313,        0.286,       0.0191,       8.8454e-05,       1.9349e-08,       8.8473e-05,        0.188,        0.271,        0.133,        0.252,        0.192,         0.19,        0.341,        0.266,       0.0456,      0.00304
        30,  644.790,    0.005,       0.00015079,       9.3739e-07,       0.00015173,        0.254,        0.354,        0.175,        0.344,         0.26,        0.235,        0.454,        0.344,        0.336,       0.0224,       8.4894e-05,       2.0366e-08,       8.4914e-05,        0.185,        0.266,         0.13,        0.247,        0.189,        0.186,        0.334,         0.26,       0.0484,      0.00323
        31,  666.038,    0.005,       0.00012834,       1.1422e-06,       0.00012948,        0.236,        0.327,        0.164,        0.317,        0.241,        0.221,        0.416,        0.318,        0.375,        0.025,       8.2892e-05,       1.6149e-08,       8.2908e-05,        0.182,        0.263,        0.128,        0.243,        0.186,        0.184,         0.33,        0.257,       0.0416,      0.00277
        32,  687.424,    0.005,       0.00012684,         1.43e-06,       0.00012827,        0.233,        0.325,         0.16,        0.316,        0.238,        0.215,        0.416,        0.316,        0.435,        0.029,       8.0547e-05,       1.7717e-08,       8.0565e-05,        0.179,        0.259,        0.126,        0.239,        0.182,        0.181,        0.326,        0.253,       0.0422,      0.00281
        33,  708.572,    0.005,       0.00012547,       9.3042e-07,        0.0001264,        0.232,        0.323,        0.158,        0.316,        0.237,        0.211,        0.415,        0.313,        0.337,       0.0225,       7.7645e-05,       1.6552e-08,       7.7661e-05,        0.176,        0.254,        0.124,        0.235,         0.18,        0.177,         0.32,        0.249,       0.0406,      0.00271
        34,  729.861,    0.005,       0.00012635,       1.0438e-06,        0.0001274,        0.232,        0.324,         0.16,        0.314,        0.237,        0.215,        0.415,        0.315,        0.356,       0.0238,       7.4353e-05,       1.6446e-08,        7.437e-05,        0.172,        0.249,        0.121,        0.231,        0.176,        0.173,        0.313,        0.243,         0.04,      0.00267
        35,  751.156,    0.005,       0.00011286,       8.9222e-07,       0.00011376,         0.22,        0.306,        0.151,        0.298,        0.225,        0.204,        0.392,        0.298,        0.328,       0.0219,       7.3104e-05,       1.7505e-08,       7.3121e-05,         0.17,        0.247,         0.12,        0.227,        0.174,        0.172,        0.311,        0.241,       0.0437,      0.00292
        36,  772.466,    0.005,       0.00011433,       1.0542e-06,       0.00011538,        0.224,        0.308,        0.158,        0.298,        0.228,        0.211,        0.391,        0.301,        0.365,       0.0243,       7.1356e-05,       1.5386e-08,       7.1372e-05,        0.169,        0.244,        0.119,        0.226,        0.172,        0.169,        0.307,        0.238,       0.0403,      0.00269
        37,  793.304,    0.005,       0.00011978,       6.6635e-07,       0.00012044,        0.226,        0.316,        0.155,        0.307,        0.231,        0.207,        0.406,        0.306,        0.291,       0.0194,       6.9711e-05,       1.4623e-08,       6.9726e-05,        0.166,        0.241,        0.118,        0.222,         0.17,        0.168,        0.303,        0.236,       0.0409,      0.00273
        38,  814.382,    0.005,       0.00014585,       8.1498e-07,       0.00014666,        0.249,        0.348,        0.171,        0.339,        0.255,         0.23,        0.447,        0.338,        0.304,       0.0203,       7.0891e-05,       1.2631e-08,       7.0904e-05,        0.167,        0.243,        0.117,        0.224,        0.171,        0.167,        0.307,        0.237,       0.0359,       0.0024
        39,  835.783,    0.005,       0.00012067,       7.5246e-07,       0.00012143,        0.229,        0.317,        0.159,        0.309,        0.234,        0.213,        0.404,        0.308,        0.292,       0.0194,       6.8161e-05,       1.6001e-08,       6.8177e-05,        0.164,        0.238,        0.115,        0.219,        0.167,        0.163,        0.302,        0.232,       0.0431,      0.00288
        40,  857.083,    0.005,       9.2243e-05,       6.5674e-07,         9.29e-05,        0.199,        0.277,        0.138,         0.27,        0.204,        0.185,        0.354,        0.269,        0.293,       0.0195,       6.6081e-05,       1.4708e-08,       6.6096e-05,        0.162,        0.234,        0.113,        0.217,        0.165,        0.161,        0.297,        0.229,       0.0403,      0.00269
        41,  878.203,    0.005,       0.00010563,       6.0935e-07,       0.00010624,        0.214,        0.296,        0.148,        0.289,        0.218,        0.198,        0.379,        0.288,        0.254,       0.0169,        6.466e-05,       1.5386e-08,       6.4676e-05,        0.159,        0.232,        0.111,        0.215,        0.163,        0.159,        0.294,        0.226,       0.0391,       0.0026
        42,  899.737,    0.005,       9.5657e-05,         5.44e-07,       9.6201e-05,        0.201,        0.282,        0.135,        0.276,        0.206,        0.182,        0.364,        0.273,        0.246,       0.0164,       6.3697e-05,       1.3457e-08,       6.3711e-05,        0.158,         0.23,         0.11,        0.212,        0.161,        0.158,        0.292,        0.225,       0.0369,      0.00246
        43,  922.042,    0.005,       0.00010626,       9.3718e-07,        0.0001072,        0.212,        0.297,        0.144,        0.289,        0.216,        0.195,        0.382,        0.289,        0.347,       0.0231,       6.1607e-05,       1.5704e-08,       6.1623e-05,        0.156,        0.226,        0.111,        0.209,         0.16,        0.156,        0.286,        0.221,       0.0378,      0.00252
        44,  943.193,    0.005,       0.00010755,       6.8477e-07,       0.00010823,        0.214,        0.299,        0.145,        0.294,        0.219,        0.193,        0.386,         0.29,        0.294,       0.0196,       6.1312e-05,       1.3436e-08,       6.1325e-05,        0.155,        0.226,        0.109,        0.207,        0.158,        0.156,        0.285,        0.221,       0.0369,      0.00246
        45,  964.633,    0.005,       8.9383e-05,       4.0196e-07,       8.9785e-05,        0.197,        0.273,        0.137,        0.266,        0.201,        0.182,        0.348,        0.265,        0.218,       0.0145,       5.9996e-05,       1.4369e-08,        6.001e-05,        0.153,        0.223,        0.108,        0.205,        0.156,        0.154,        0.283,        0.218,       0.0381,      0.00254
        46,  985.852,    0.005,       8.2775e-05,       3.5361e-07,       8.3129e-05,        0.189,        0.262,         0.13,        0.255,        0.193,        0.174,        0.336,        0.255,        0.199,       0.0133,       5.9458e-05,       1.2589e-08,       5.9471e-05,        0.153,        0.222,        0.107,        0.204,        0.156,        0.153,        0.281,        0.217,       0.0347,      0.00231
        47, 1007.001,    0.005,       8.4244e-05,       3.4607e-07,        8.459e-05,        0.191,        0.265,        0.134,        0.257,        0.195,         0.18,        0.336,        0.258,          0.2,       0.0133,       5.7436e-05,       9.9606e-09,       5.7446e-05,        0.149,        0.219,        0.105,          0.2,        0.153,         0.15,        0.277,        0.213,       0.0331,      0.00221
        48, 1028.300,    0.005,       8.7749e-05,       4.6301e-07,       8.8212e-05,        0.195,         0.27,        0.138,        0.261,        0.199,        0.185,        0.342,        0.264,        0.242,       0.0162,       5.6044e-05,        1.244e-08,       5.6057e-05,        0.148,        0.216,        0.104,        0.199,        0.151,        0.148,        0.274,        0.211,       0.0353,      0.00235
        49, 1049.589,    0.005,       7.6482e-05,       3.9848e-07,        7.688e-05,        0.182,        0.252,        0.126,        0.246,        0.186,        0.168,        0.322,        0.245,        0.223,       0.0148,       5.5399e-05,       1.0215e-08,       5.5409e-05,        0.147,        0.215,        0.103,        0.197,         0.15,        0.147,        0.272,        0.209,       0.0322,      0.00215
        50, 1070.853,    0.005,       7.5163e-05,        5.142e-07,       7.5677e-05,        0.181,         0.25,        0.126,        0.245,        0.185,        0.169,        0.318,        0.244,        0.252,       0.0168,       5.4524e-05,       1.1868e-08,       5.4536e-05,        0.146,        0.213,        0.102,        0.196,        0.149,        0.145,         0.27,        0.208,       0.0353,      0.00235
        51, 1092.427,    0.005,       7.6996e-05,       7.4271e-07,       7.7738e-05,        0.183,        0.253,        0.126,        0.248,        0.187,        0.168,        0.324,        0.246,        0.299,         0.02,       5.3359e-05,        1.191e-08,       5.3371e-05,        0.144,        0.211,        0.101,        0.194,        0.147,        0.144,        0.267,        0.206,       0.0334,      0.00223
        52, 1113.443,    0.005,       8.7987e-05,       4.3129e-07,       8.8418e-05,        0.197,        0.271,        0.137,        0.266,        0.201,        0.181,        0.346,        0.263,        0.227,       0.0152,       5.2077e-05,       1.1126e-08,       5.2088e-05,        0.142,        0.208,       0.0995,        0.191,        0.145,        0.142,        0.264,        0.203,       0.0338,      0.00225
        53, 1134.628,    0.005,       7.2665e-05,       3.7927e-07,       7.3044e-05,        0.177,        0.246,        0.121,         0.24,        0.181,        0.162,        0.315,        0.239,        0.209,        0.014,       5.1867e-05,       1.0321e-08,       5.1877e-05,        0.142,        0.208,       0.0986,        0.192,        0.145,         0.14,        0.265,        0.202,       0.0322,      0.00215
        54, 1156.193,    0.005,       7.1858e-05,       4.8153e-07,       7.2339e-05,        0.176,        0.244,         0.12,        0.239,         0.18,        0.161,        0.314,        0.237,        0.234,       0.0156,       5.0622e-05,       1.0618e-08,       5.0633e-05,         0.14,        0.205,        0.098,        0.189,        0.143,         0.14,        0.261,          0.2,       0.0328,      0.00219
        55, 1177.639,    0.005,       6.6492e-05,        3.936e-07,       6.6886e-05,        0.169,        0.235,        0.114,        0.231,        0.172,        0.153,        0.303,        0.228,        0.208,       0.0139,       4.9952e-05,       9.8546e-09,       4.9962e-05,        0.139,        0.204,       0.0971,        0.186,        0.142,        0.139,        0.259,        0.199,       0.0278,      0.00185
        56, 1199.258,    0.005,       6.6493e-05,       3.4443e-07,       6.6838e-05,        0.169,        0.235,        0.117,        0.229,        0.173,        0.157,        0.301,        0.229,          0.2,       0.0133,       4.9015e-05,        1.066e-08,       4.9026e-05,        0.138,        0.202,       0.0972,        0.185,        0.141,        0.138,        0.256,        0.197,       0.0303,      0.00202
        57, 1220.367,    0.005,        6.867e-05,       4.0401e-07,       6.9074e-05,        0.174,        0.239,         0.12,        0.235,        0.177,         0.16,        0.305,        0.232,        0.222,       0.0148,       4.8305e-05,        9.897e-09,       4.8315e-05,        0.138,          0.2,       0.0961,        0.185,        0.141,        0.138,        0.254,        0.196,       0.0306,      0.00204
        58, 1241.997,    0.005,       6.8569e-05,       3.3895e-07,       6.8908e-05,        0.173,        0.239,        0.119,        0.235,        0.177,        0.159,        0.306,        0.232,          0.2,       0.0133,       4.7571e-05,       7.9261e-09,       4.7579e-05,        0.136,        0.199,       0.0948,        0.184,        0.139,        0.135,        0.253,        0.194,       0.0262,      0.00175
        59, 1263.533,    0.005,       7.0196e-05,        2.937e-07,       7.0489e-05,        0.174,        0.242,        0.119,        0.237,        0.178,        0.159,         0.31,        0.234,        0.188,       0.0126,       4.7052e-05,       9.6003e-09,       4.7062e-05,        0.136,        0.198,       0.0947,        0.183,        0.139,        0.135,        0.251,        0.193,       0.0294,      0.00196
        60, 1285.045,    0.005,       7.1485e-05,       4.0302e-07,       7.1888e-05,        0.174,        0.244,        0.119,        0.238,        0.178,        0.159,        0.314,        0.236,        0.212,       0.0142,       4.6624e-05,       8.7526e-09,       4.6633e-05,        0.135,        0.197,       0.0942,        0.182,        0.138,        0.135,         0.25,        0.192,       0.0291,      0.00194
        61, 1306.243,    0.005,       6.8282e-05,       5.2021e-07,       6.8802e-05,        0.171,        0.238,        0.117,        0.234,        0.175,        0.156,        0.307,        0.231,        0.253,       0.0169,       4.5854e-05,        1.013e-08,       4.5864e-05,        0.133,        0.195,       0.0925,         0.18,        0.136,        0.133,        0.248,         0.19,       0.0294,      0.00196
        62, 1327.286,    0.005,       6.8498e-05,       4.9926e-07,       6.8997e-05,        0.171,        0.239,        0.117,        0.232,        0.175,        0.157,        0.306,        0.232,        0.241,       0.0161,       4.4973e-05,       9.0069e-09,       4.4982e-05,        0.133,        0.193,       0.0924,         0.18,        0.136,        0.132,        0.245,        0.189,         0.03,        0.002
        63, 1348.500,    0.005,       5.6805e-05,       3.7241e-07,       5.7178e-05,        0.157,        0.217,        0.109,        0.212,        0.161,        0.145,        0.278,        0.211,        0.214,       0.0142,       4.4842e-05,       7.9473e-09,        4.485e-05,        0.132,        0.193,       0.0914,        0.178,        0.135,        0.132,        0.245,        0.188,       0.0288,      0.00192
        64, 1369.723,    0.005,       5.3425e-05,        5.306e-07,       5.3956e-05,        0.152,        0.211,        0.105,        0.207,        0.156,         0.14,         0.27,        0.205,        0.261,       0.0174,       4.3993e-05,       6.7817e-09,       4.3999e-05,        0.131,        0.191,       0.0909,        0.177,        0.134,        0.131,        0.243,        0.187,        0.025,      0.00167
        65, 1390.880,    0.005,       6.1628e-05,       4.2065e-07,       6.2049e-05,        0.164,        0.226,        0.114,        0.222,        0.168,        0.152,        0.289,         0.22,        0.225,        0.015,        4.333e-05,       7.3963e-09,       4.3338e-05,        0.129,         0.19,       0.0901,        0.174,        0.132,         0.13,        0.241,        0.185,       0.0262,      0.00175
        66, 1412.375,    0.005,       5.7003e-05,       3.1884e-07,       5.7321e-05,        0.158,        0.218,        0.109,        0.215,        0.162,        0.145,        0.279,        0.212,        0.198,       0.0132,          4.3e-05,       6.6969e-09,       4.3006e-05,        0.129,        0.189,       0.0897,        0.174,        0.132,        0.129,         0.24,        0.184,       0.0269,      0.00179
        67, 1433.924,    0.005,       5.9601e-05,       2.1755e-07,       5.9819e-05,        0.161,        0.223,        0.113,        0.216,        0.165,        0.152,        0.283,        0.217,        0.159,       0.0106,       4.2977e-05,       8.2652e-09,       4.2985e-05,        0.129,        0.189,       0.0888,        0.174,        0.132,        0.127,        0.241,        0.184,       0.0284,       0.0019
        68, 1455.407,    0.005,       7.2443e-05,       5.1214e-07,       7.2955e-05,        0.177,        0.245,        0.123,        0.239,        0.181,        0.164,        0.314,        0.239,        0.256,       0.0171,       4.1718e-05,       8.0321e-09,       4.1726e-05,        0.128,        0.186,       0.0883,        0.174,        0.131,        0.128,        0.236,        0.182,       0.0278,      0.00185
        69, 1476.996,    0.005,       5.1536e-05,       2.4503e-07,       5.1781e-05,         0.15,        0.207,        0.104,        0.203,        0.154,        0.139,        0.264,        0.202,        0.172,       0.0114,       4.1162e-05,        8.901e-09,       4.1171e-05,        0.127,        0.185,        0.088,        0.171,        0.129,        0.127,        0.234,        0.181,       0.0275,      0.00183
        70, 1498.368,    0.005,       5.3278e-05,       4.1403e-07,       5.3692e-05,        0.152,         0.21,        0.105,        0.205,        0.155,        0.139,         0.27,        0.205,        0.221,       0.0148,       4.0615e-05,       8.2016e-09,       4.0623e-05,        0.126,        0.184,       0.0872,        0.169,        0.128,        0.126,        0.233,        0.179,       0.0284,       0.0019
        71, 1519.362,    0.005,       5.6297e-05,       3.9647e-07,       5.6693e-05,        0.156,        0.216,        0.108,        0.211,         0.16,        0.144,        0.277,         0.21,        0.226,       0.0151,       4.0524e-05,       7.4175e-09,       4.0531e-05,        0.126,        0.184,       0.0866,        0.171,        0.129,        0.124,        0.234,        0.179,       0.0262,      0.00175
        72, 1540.651,    0.005,       5.6243e-05,       2.6261e-07,       5.6506e-05,        0.157,        0.216,        0.109,        0.212,        0.161,        0.145,        0.276,         0.21,         0.18,        0.012,       4.0031e-05,       7.7777e-09,       4.0039e-05,        0.125,        0.182,       0.0858,         0.17,        0.128,        0.123,        0.232,        0.178,       0.0256,      0.00171
        73, 1561.929,    0.005,       4.9792e-05,       2.9107e-07,       5.0083e-05,        0.147,        0.203,        0.102,        0.199,        0.151,        0.135,        0.261,        0.198,        0.183,       0.0122,       3.9806e-05,       8.9433e-09,       3.9815e-05,        0.125,        0.182,       0.0857,        0.169,        0.127,        0.123,        0.232,        0.177,       0.0266,      0.00177
        74, 1583.563,    0.005,       4.7565e-05,       2.2634e-07,       4.7791e-05,        0.145,        0.199,        0.103,        0.194,        0.148,        0.137,        0.252,        0.194,        0.161,       0.0107,       3.9223e-05,       7.1632e-09,        3.923e-05,        0.124,        0.181,       0.0847,        0.168,        0.126,        0.122,         0.23,        0.176,       0.0291,      0.00194
        75, 1605.014,    0.005,       5.0041e-05,       3.4796e-07,       5.0389e-05,        0.148,        0.204,        0.104,        0.199,        0.151,        0.138,         0.26,        0.199,        0.218,       0.0145,       3.9032e-05,       6.8241e-09,       3.9039e-05,        0.123,         0.18,        0.085,        0.167,        0.126,        0.122,        0.229,        0.176,       0.0262,      0.00175
        76, 1626.216,    0.005,       4.9885e-05,       2.2727e-07,       5.0112e-05,        0.148,        0.204,        0.105,        0.198,        0.151,        0.139,        0.258,        0.199,        0.171,       0.0114,       3.8851e-05,       7.6506e-09,       3.8858e-05,        0.123,         0.18,       0.0849,        0.166,        0.126,        0.123,        0.228,        0.175,       0.0278,      0.00185
        77, 1647.435,    0.005,       4.8607e-05,       4.4521e-07,       4.9052e-05,        0.146,        0.201,        0.101,        0.197,        0.149,        0.135,        0.257,        0.196,        0.232,       0.0155,       3.8138e-05,       5.7644e-09,       3.8144e-05,        0.122,        0.178,       0.0846,        0.165,        0.125,        0.122,        0.226,        0.174,       0.0234,      0.00156
        78, 1668.636,    0.005,       5.1309e-05,       2.4183e-07,       5.1551e-05,        0.147,        0.207,       0.0979,        0.203,         0.15,         0.13,        0.269,        0.199,        0.176,       0.0117,       3.7189e-05,       7.5022e-09,       3.7196e-05,        0.121,        0.176,       0.0832,        0.164,        0.124,         0.12,        0.223,        0.172,       0.0278,      0.00185
        79, 1690.561,    0.005,       4.5685e-05,       1.4657e-07,       4.5832e-05,        0.141,        0.195,       0.0965,        0.192,        0.144,        0.128,         0.25,        0.189,        0.135,      0.00901,       3.6594e-05,        5.171e-09,       3.6599e-05,         0.12,        0.174,       0.0824,        0.163,        0.123,        0.119,        0.221,         0.17,       0.0222,      0.00148
        80, 1711.901,    0.005,        4.394e-05,       3.2489e-07,       4.4264e-05,        0.139,        0.191,       0.0959,        0.188,        0.142,        0.127,        0.245,        0.186,        0.194,       0.0129,       3.6703e-05,       6.6121e-09,        3.671e-05,         0.12,        0.175,       0.0831,        0.162,        0.123,         0.12,        0.221,        0.171,       0.0259,      0.00173
        81, 1733.066,    0.005,       4.4714e-05,       2.3062e-07,       4.4945e-05,         0.14,        0.193,       0.0965,         0.19,        0.143,        0.128,        0.247,        0.187,        0.167,       0.0112,       3.6417e-05,       6.2943e-09,       3.6424e-05,         0.12,        0.174,       0.0823,        0.162,        0.122,        0.119,        0.221,         0.17,       0.0234,      0.00156
        82, 1754.526,    0.005,       4.6994e-05,       2.8256e-07,       4.7276e-05,        0.144,        0.198,          0.1,        0.194,        0.147,        0.133,        0.252,        0.193,        0.176,       0.0117,       3.5864e-05,       6.6545e-09,       3.5871e-05,        0.119,        0.173,       0.0822,         0.16,        0.121,        0.118,        0.219,        0.169,       0.0256,      0.00171
        83, 1776.200,    0.005,       3.9484e-05,       1.7855e-07,       3.9662e-05,        0.133,        0.181,       0.0931,        0.178,        0.135,        0.124,         0.23,        0.177,        0.149,      0.00993,       3.5366e-05,       6.0399e-09,       3.5372e-05,        0.117,        0.172,       0.0815,        0.159,         0.12,        0.117,        0.217,        0.167,       0.0237,      0.00158
        84, 1798.316,    0.005,       4.6055e-05,        1.235e-07,       4.6178e-05,        0.143,        0.196,       0.0988,        0.193,        0.146,        0.132,         0.25,        0.191,        0.122,      0.00812,       3.5391e-05,       6.2095e-09,       3.5397e-05,        0.117,        0.172,        0.081,        0.158,         0.12,        0.117,        0.217,        0.167,       0.0225,       0.0015
        85, 1820.025,    0.005,       4.2302e-05,       2.3892e-07,       4.2541e-05,        0.136,        0.188,       0.0963,        0.182,        0.139,        0.128,        0.238,        0.183,        0.159,       0.0106,       3.4859e-05,       6.1035e-09,       3.4865e-05,        0.117,         0.17,       0.0808,        0.158,        0.119,        0.117,        0.216,        0.166,       0.0244,      0.00163
        86, 1841.369,    0.005,       4.8881e-05,       3.2039e-07,       4.9201e-05,        0.145,        0.202,       0.0979,        0.199,        0.148,         0.13,         0.26,        0.195,        0.202,       0.0134,       3.5008e-05,       6.2519e-09,       3.5015e-05,        0.117,        0.171,        0.081,        0.159,         0.12,        0.117,        0.216,        0.167,       0.0241,       0.0016
        87, 1862.340,    0.005,        4.609e-05,       3.1052e-07,         4.64e-05,        0.141,        0.196,       0.0959,        0.193,        0.144,        0.128,        0.252,         0.19,        0.189,       0.0126,       3.4547e-05,       6.6545e-09,       3.4553e-05,        0.116,         0.17,       0.0803,        0.157,        0.119,        0.116,        0.215,        0.165,       0.0256,      0.00171
        88, 1883.972,    0.005,       4.5286e-05,       3.2569e-07,       4.5612e-05,         0.14,        0.194,       0.0956,        0.191,        0.143,        0.127,         0.25,        0.188,        0.204,       0.0136,       3.4287e-05,       7.0148e-09,       3.4294e-05,        0.116,        0.169,       0.0801,        0.157,        0.118,        0.116,        0.214,        0.165,       0.0272,      0.00181
        89, 1905.232,    0.005,       4.1901e-05,       2.2681e-07,       4.2128e-05,        0.136,        0.187,       0.0928,        0.184,        0.139,        0.124,        0.239,        0.181,        0.166,       0.0111,       3.3951e-05,       6.2943e-09,       3.3957e-05,        0.115,        0.168,       0.0798,        0.156,        0.118,        0.116,        0.213,        0.164,       0.0225,       0.0015
        90, 1926.707,    0.005,       4.0005e-05,          3.4e-07,       4.0345e-05,        0.132,        0.182,       0.0915,        0.179,        0.135,        0.122,        0.233,        0.177,        0.207,       0.0138,       3.3751e-05,       5.6373e-09,       3.3756e-05,        0.115,        0.168,        0.079,        0.156,        0.117,        0.115,        0.212,        0.164,       0.0241,       0.0016
        91, 1947.926,    0.005,       3.7894e-05,        3.179e-07,       3.8212e-05,         0.13,        0.178,       0.0919,        0.173,        0.133,        0.121,        0.225,        0.173,        0.196,       0.0131,       3.3695e-05,       5.9976e-09,       3.3701e-05,        0.115,        0.167,       0.0792,        0.155,        0.117,        0.115,        0.212,        0.163,       0.0237,      0.00158
        92, 1969.253,    0.005,       4.0555e-05,       2.9603e-07,       4.0851e-05,        0.134,        0.184,       0.0939,         0.18,        0.137,        0.124,        0.234,        0.179,        0.193,       0.0128,       3.3194e-05,       5.4889e-09,       3.3199e-05,        0.113,        0.166,       0.0785,        0.153,        0.116,        0.115,         0.21,        0.162,       0.0222,      0.00148
        93, 1990.644,    0.005,       4.5012e-05,       2.2152e-07,       4.5233e-05,        0.139,        0.193,        0.094,        0.191,        0.142,        0.124,         0.25,        0.187,        0.161,       0.0107,       3.2854e-05,       4.9591e-09,       3.2859e-05,        0.113,        0.165,       0.0786,        0.152,        0.115,        0.115,        0.209,        0.162,       0.0234,      0.00156
        94, 2012.034,    0.005,        4.248e-05,       3.6163e-07,       4.2842e-05,        0.136,        0.188,       0.0925,        0.186,        0.139,        0.123,        0.242,        0.182,        0.217,       0.0145,       3.2507e-05,       4.6836e-09,       3.2512e-05,        0.112,        0.164,       0.0777,        0.151,        0.114,        0.113,        0.208,        0.161,       0.0203,      0.00135
        95, 2033.269,    0.005,       4.2193e-05,       2.1213e-07,       4.2406e-05,        0.137,        0.187,       0.0945,        0.185,         0.14,        0.125,        0.239,        0.182,        0.159,       0.0106,       3.2157e-05,       6.0823e-09,       3.2163e-05,        0.112,        0.164,       0.0776,        0.151,        0.115,        0.113,        0.207,         0.16,       0.0244,      0.00163
        96, 2054.512,    0.005,       4.2455e-05,       2.6076e-07,       4.2716e-05,        0.135,        0.188,        0.091,        0.186,        0.139,         0.12,        0.243,        0.182,        0.187,       0.0125,       3.2468e-05,       6.7393e-09,       3.2475e-05,        0.113,        0.164,        0.078,        0.153,        0.115,        0.113,        0.208,        0.161,       0.0256,      0.00171
        97, 2076.834,    0.005,       3.5653e-05,       2.3658e-07,        3.589e-05,        0.126,        0.172,       0.0872,        0.169,        0.128,        0.116,         0.22,        0.168,        0.168,       0.0112,        3.194e-05,       6.1883e-09,       3.1946e-05,        0.112,        0.163,       0.0773,        0.151,        0.114,        0.112,        0.206,        0.159,       0.0231,      0.00154
        98, 2098.284,    0.005,       3.7099e-05,       2.6215e-07,       3.7362e-05,        0.127,        0.176,       0.0871,        0.173,         0.13,        0.115,        0.226,         0.17,        0.178,       0.0119,       3.2321e-05,       5.4253e-09,       3.2326e-05,        0.112,        0.164,       0.0777,        0.151,        0.115,        0.113,        0.207,         0.16,       0.0216,      0.00144
        99, 2119.651,    0.005,         4.48e-05,       1.6945e-07,        4.497e-05,        0.141,        0.193,       0.0986,        0.189,        0.144,        0.131,        0.245,        0.188,        0.141,      0.00942,       3.1669e-05,       5.7432e-09,       3.1675e-05,        0.111,        0.162,       0.0776,         0.15,        0.114,        0.112,        0.205,        0.159,       0.0231,      0.00154
       100, 2141.144,    0.005,       3.7224e-05,       2.4462e-07,       3.7469e-05,        0.127,        0.176,       0.0871,        0.173,         0.13,        0.115,        0.226,        0.171,        0.167,       0.0112,       3.1139e-05,       5.2346e-09,       3.1144e-05,         0.11,        0.161,       0.0765,        0.149,        0.113,        0.111,        0.204,        0.157,       0.0219,      0.00146
       101, 2162.447,    0.005,       3.8429e-05,        2.002e-07,       3.8629e-05,         0.13,        0.179,       0.0899,        0.175,        0.132,        0.119,        0.229,        0.174,        0.155,       0.0103,       3.1308e-05,       5.4253e-09,       3.1313e-05,         0.11,        0.161,       0.0764,        0.149,        0.112,        0.111,        0.204,        0.158,       0.0219,      0.00146
       102, 2183.619,    0.005,       3.3025e-05,       2.2939e-07,       3.3254e-05,        0.121,        0.166,       0.0843,        0.163,        0.124,        0.111,        0.211,        0.161,        0.159,       0.0106,       3.0666e-05,       5.3406e-09,       3.0671e-05,        0.109,         0.16,       0.0758,        0.147,        0.111,         0.11,        0.202,        0.156,       0.0225,       0.0015
       103, 2205.313,    0.005,        4.047e-05,       9.3707e-08,       4.0563e-05,        0.134,        0.183,       0.0933,        0.181,        0.137,        0.123,        0.234,        0.179,        0.105,      0.00697,       3.0728e-05,       5.5101e-09,       3.0734e-05,        0.109,         0.16,       0.0757,        0.147,        0.111,         0.11,        0.202,        0.156,       0.0234,      0.00156
       104, 2226.796,    0.005,       3.8039e-05,       2.4565e-07,       3.8285e-05,        0.129,        0.178,       0.0893,        0.175,        0.132,        0.118,        0.228,        0.173,        0.174,       0.0116,       3.0386e-05,       5.4677e-09,       3.0392e-05,        0.108,        0.159,       0.0749,        0.146,        0.111,        0.109,        0.201,        0.155,       0.0225,       0.0015
       105, 2248.237,    0.005,       3.3551e-05,       3.1497e-07,       3.3866e-05,        0.122,        0.167,        0.085,        0.164,        0.125,        0.113,        0.213,        0.163,        0.202,       0.0135,        3.037e-05,       4.8955e-09,       3.0375e-05,        0.109,        0.159,        0.075,        0.147,        0.111,        0.109,        0.201,        0.155,       0.0225,       0.0015
       106, 2269.397,    0.005,       3.7712e-05,        1.643e-07,       3.7876e-05,        0.129,        0.177,       0.0916,        0.173,        0.132,        0.121,        0.225,        0.173,        0.139,      0.00928,       2.9934e-05,       5.8068e-09,        2.994e-05,        0.108,        0.158,       0.0746,        0.146,         0.11,        0.108,          0.2,        0.154,       0.0253,      0.00169
       107, 2290.870,    0.005,       3.6212e-05,       1.8878e-07,       3.6401e-05,        0.126,        0.174,       0.0871,         0.17,        0.129,        0.115,        0.222,        0.169,        0.146,      0.00975,       2.9633e-05,       5.6161e-09,       2.9638e-05,        0.108,        0.157,       0.0744,        0.146,         0.11,        0.108,        0.199,        0.153,       0.0234,      0.00156
       108, 2312.199,    0.005,       3.4094e-05,       1.8445e-07,       3.4279e-05,        0.123,        0.168,       0.0834,        0.167,        0.125,         0.11,        0.216,        0.163,        0.148,      0.00989,       2.9441e-05,        5.383e-09,       2.9446e-05,        0.107,        0.156,       0.0741,        0.145,        0.109,        0.107,        0.198,        0.153,       0.0231,      0.00154
       109, 2333.569,    0.005,       3.5033e-05,       1.8709e-07,        3.522e-05,        0.125,        0.171,       0.0874,        0.168,        0.128,        0.116,        0.217,        0.166,        0.148,      0.00986,       2.9428e-05,       5.9764e-09,       2.9434e-05,        0.107,        0.156,       0.0743,        0.145,        0.109,        0.108,        0.198,        0.153,       0.0237,      0.00158
       110, 2354.785,    0.005,       3.2175e-05,       1.4564e-07,       3.2321e-05,         0.12,        0.164,        0.084,         0.16,        0.122,        0.111,        0.208,         0.16,        0.129,      0.00859,       2.9018e-05,       5.6161e-09,       2.9024e-05,        0.106,        0.155,       0.0735,        0.143,        0.108,        0.107,        0.197,        0.152,       0.0209,       0.0014
       111, 2376.040,    0.005,        3.393e-05,       1.8049e-07,        3.411e-05,        0.123,        0.168,        0.085,        0.166,        0.125,        0.112,        0.215,        0.163,        0.139,      0.00929,       2.8334e-05,       5.8068e-09,        2.834e-05,        0.106,        0.154,       0.0733,        0.142,        0.108,        0.106,        0.194,         0.15,       0.0237,      0.00158
       112, 2397.495,    0.005,       3.0821e-05,       1.3255e-07,       3.0954e-05,        0.117,         0.16,       0.0828,        0.156,        0.119,         0.11,        0.203,        0.156,        0.125,      0.00834,       2.8747e-05,       6.6757e-09,       2.8753e-05,        0.106,        0.155,       0.0733,        0.143,        0.108,        0.107,        0.195,        0.151,       0.0244,      0.00163
       113, 2418.960,    0.005,       3.1626e-05,       1.3799e-07,       3.1764e-05,        0.119,        0.162,       0.0847,        0.159,        0.122,        0.112,        0.205,        0.158,        0.128,      0.00852,       2.8473e-05,       4.2597e-09,       2.8478e-05,        0.106,        0.154,        0.073,        0.143,        0.108,        0.107,        0.194,         0.15,         0.02,      0.00133
       114, 2440.362,    0.005,       3.5686e-05,       2.3108e-07,       3.5917e-05,        0.125,        0.172,       0.0851,         0.17,        0.128,        0.112,        0.222,        0.167,        0.171,       0.0114,       2.8258e-05,       4.3657e-09,       2.8262e-05,        0.106,        0.153,       0.0729,        0.143,        0.108,        0.107,        0.193,         0.15,       0.0225,       0.0015
       115, 2461.645,    0.005,       3.2158e-05,       2.1159e-07,       3.2369e-05,        0.119,        0.164,       0.0811,        0.162,        0.121,        0.107,         0.21,        0.159,        0.164,        0.011,       2.8226e-05,       6.3154e-09,       2.8233e-05,        0.105,        0.153,       0.0724,        0.142,        0.107,        0.106,        0.194,         0.15,       0.0244,      0.00163
       116, 2482.953,    0.005,       2.9042e-05,        2.321e-07,       2.9275e-05,        0.114,        0.155,       0.0778,        0.154,        0.116,        0.103,        0.199,        0.151,        0.168,       0.0112,       2.8017e-05,       4.6836e-09,       2.8022e-05,        0.104,        0.153,       0.0721,        0.141,        0.107,        0.106,        0.193,        0.149,       0.0216,      0.00144
       117, 2504.367,    0.005,       3.4509e-05,       1.5597e-07,       3.4665e-05,        0.124,        0.169,        0.087,        0.167,        0.127,        0.115,        0.216,        0.165,        0.136,      0.00906,        2.759e-05,       5.4465e-09,       2.7595e-05,        0.104,        0.151,       0.0722,         0.14,        0.106,        0.106,        0.191,        0.148,       0.0241,       0.0016
       118, 2525.592,    0.005,        3.178e-05,       1.8663e-07,       3.1966e-05,        0.119,        0.163,       0.0824,         0.16,        0.121,        0.109,        0.207,        0.158,        0.146,      0.00971,       2.7709e-05,       5.9976e-09,       2.7715e-05,        0.104,        0.152,       0.0725,         0.14,        0.106,        0.106,        0.191,        0.149,       0.0222,      0.00148
       119, 2546.821,    0.005,       3.0907e-05,       2.5738e-07,       3.1165e-05,        0.118,         0.16,       0.0825,        0.158,         0.12,        0.109,        0.204,        0.156,        0.169,       0.0113,       2.7842e-05,       5.8704e-09,       2.7848e-05,        0.105,        0.152,       0.0726,        0.142,        0.107,        0.106,        0.192,        0.149,       0.0234,      0.00156
       120, 2568.181,    0.005,       3.3885e-05,       1.4662e-07,       3.4032e-05,        0.123,        0.168,       0.0853,        0.167,        0.126,        0.112,        0.214,        0.163,        0.133,      0.00885,       2.7712e-05,       5.9764e-09,       2.7718e-05,        0.104,        0.152,        0.072,        0.141,        0.106,        0.105,        0.192,        0.148,       0.0231,      0.00154
       121, 2589.589,    0.005,       3.2712e-05,        2.307e-07,       3.2943e-05,         0.12,        0.165,        0.082,        0.163,        0.123,        0.109,        0.212,         0.16,        0.167,       0.0111,       2.7229e-05,       6.8029e-09,       2.7236e-05,        0.103,         0.15,       0.0715,        0.139,        0.105,        0.104,         0.19,        0.147,       0.0247,      0.00165
       122, 2611.122,    0.005,       2.8589e-05,       1.7121e-07,        2.876e-05,        0.113,        0.154,       0.0788,        0.152,        0.115,        0.104,        0.196,         0.15,        0.144,      0.00957,       2.7089e-05,       5.4465e-09,       2.7095e-05,        0.102,         0.15,       0.0706,        0.139,        0.105,        0.103,         0.19,        0.147,       0.0234,      0.00156
       123, 2632.673,    0.005,       3.0781e-05,       2.2649e-07,       3.1008e-05,        0.117,         0.16,       0.0805,        0.159,         0.12,        0.106,        0.205,        0.155,        0.164,        0.011,       2.7303e-05,       5.4253e-09,       2.7308e-05,        0.103,        0.151,       0.0707,         0.14,        0.105,        0.103,        0.191,        0.147,       0.0216,      0.00144
       124, 2653.924,    0.005,       3.6326e-05,       2.3873e-07,       3.6565e-05,        0.125,        0.174,        0.085,        0.172,        0.128,        0.112,        0.225,        0.168,        0.172,       0.0115,       2.7344e-05,       5.3618e-09,        2.735e-05,        0.103,        0.151,       0.0708,        0.139,        0.105,        0.103,        0.191,        0.147,       0.0222,      0.00148
       125, 2675.193,    0.005,       3.2019e-05,       1.8789e-07,       3.2207e-05,         0.12,        0.163,       0.0835,        0.161,        0.122,         0.11,        0.208,        0.159,        0.151,       0.0101,       2.6837e-05,       5.3406e-09,       2.6842e-05,        0.102,        0.149,       0.0703,        0.138,        0.104,        0.103,        0.189,        0.146,       0.0225,       0.0015
       126, 2696.469,    0.005,       2.6361e-05,       8.5875e-08,       2.6447e-05,        0.108,        0.148,       0.0754,        0.146,         0.11,       0.0995,        0.189,        0.144,       0.0981,      0.00654,       2.6835e-05,       4.4717e-09,        2.684e-05,        0.102,        0.149,       0.0703,        0.138,        0.104,        0.103,        0.189,        0.146,       0.0194,      0.00129
       127, 2717.885,    0.005,       2.8583e-05,       1.2828e-07,       2.8711e-05,        0.112,        0.154,        0.077,        0.152,        0.114,        0.102,        0.198,         0.15,        0.123,      0.00821,        2.646e-05,       4.9591e-09,       2.6465e-05,        0.101,        0.148,       0.0697,        0.137,        0.103,        0.102,        0.188,        0.145,       0.0216,      0.00144
       128, 2739.234,    0.005,       3.1649e-05,       2.0352e-07,       3.1853e-05,        0.118,        0.162,       0.0813,        0.161,        0.121,        0.107,        0.208,        0.158,        0.157,       0.0104,       2.5897e-05,       4.4717e-09,       2.5901e-05,          0.1,        0.147,       0.0696,        0.136,        0.103,        0.102,        0.185,        0.144,         0.02,      0.00133
       129, 2760.436,    0.005,       3.0892e-05,         1.67e-07,       3.1059e-05,        0.116,         0.16,       0.0795,        0.158,        0.119,        0.105,        0.206,        0.156,        0.136,      0.00906,       2.5887e-05,       4.4505e-09,       2.5892e-05,          0.1,        0.147,       0.0701,        0.135,        0.102,        0.103,        0.185,        0.144,       0.0225,       0.0015
       130, 2781.596,    0.005,       2.9988e-05,        1.369e-07,       3.0125e-05,        0.115,        0.158,       0.0797,        0.155,        0.118,        0.105,        0.202,        0.154,        0.124,      0.00827,       2.5683e-05,       5.3618e-09,       2.5688e-05,          0.1,        0.146,       0.0697,        0.135,        0.102,        0.102,        0.184,        0.143,       0.0228,      0.00152
       131, 2803.028,    0.005,       3.2902e-05,        1.372e-07,       3.3039e-05,        0.121,        0.165,       0.0858,        0.162,        0.124,        0.113,         0.21,        0.162,        0.129,      0.00858,       2.5327e-05,       4.5353e-09,       2.5332e-05,       0.0989,        0.145,       0.0689,        0.133,        0.101,        0.101,        0.183,        0.142,       0.0184,      0.00123
       132, 2824.466,    0.005,        2.667e-05,       1.0583e-07,       2.6776e-05,        0.109,        0.149,       0.0759,        0.147,        0.111,       0.0999,         0.19,        0.145,        0.117,      0.00779,       2.5614e-05,        4.069e-09,       2.5618e-05,       0.0997,        0.146,       0.0686,        0.135,        0.102,          0.1,        0.185,        0.143,       0.0175,      0.00117
       133, 2845.682,    0.005,       2.6693e-05,       1.1909e-07,       2.6812e-05,        0.109,        0.149,       0.0762,        0.147,        0.111,        0.101,         0.19,        0.145,        0.122,      0.00813,       2.5437e-05,       4.9379e-09,       2.5442e-05,       0.0992,        0.145,       0.0685,        0.134,        0.101,       0.0999,        0.184,        0.142,       0.0206,      0.00138
       134, 2867.245,    0.005,       2.5445e-05,       1.1411e-07,       2.5559e-05,        0.107,        0.145,       0.0745,        0.144,        0.109,       0.0981,        0.185,        0.142,        0.118,      0.00788,       2.5361e-05,       5.7432e-09,       2.5367e-05,       0.0994,        0.145,       0.0686,        0.135,        0.102,          0.1,        0.183,        0.142,       0.0228,      0.00152
       135, 2888.645,    0.005,       2.9005e-05,        2.027e-07,       2.9207e-05,        0.114,        0.155,       0.0792,        0.153,        0.116,        0.104,        0.198,        0.151,        0.162,       0.0108,       2.5216e-05,       4.4081e-09,        2.522e-05,       0.0991,        0.145,       0.0689,        0.134,        0.101,          0.1,        0.183,        0.142,       0.0206,      0.00138
       136, 2910.096,    0.005,        2.999e-05,       1.9984e-07,        3.019e-05,        0.114,        0.158,       0.0776,        0.156,        0.117,        0.103,        0.203,        0.153,         0.15,         0.01,       2.5077e-05,       5.1286e-09,       2.5082e-05,       0.0988,        0.144,       0.0684,        0.134,        0.101,       0.0995,        0.183,        0.141,       0.0216,      0.00144
       137, 2932.130,    0.005,       2.8633e-05,       2.6594e-07,       2.8899e-05,        0.113,        0.154,       0.0788,        0.152,        0.115,        0.104,        0.197,         0.15,        0.183,       0.0122,       2.4843e-05,       5.0439e-09,       2.4848e-05,       0.0983,        0.144,       0.0684,        0.132,          0.1,          0.1,        0.181,        0.141,       0.0206,      0.00138
       138, 2953.575,    0.005,        2.642e-05,       1.2645e-07,       2.6547e-05,        0.109,        0.148,       0.0755,        0.147,        0.111,       0.0994,        0.189,        0.144,        0.125,      0.00831,       2.4096e-05,       4.6624e-09,       2.4101e-05,        0.097,        0.142,       0.0675,        0.131,       0.0991,       0.0992,        0.178,        0.139,       0.0206,      0.00138
       139, 2975.294,    0.005,       2.7128e-05,       1.7787e-07,       2.7306e-05,         0.11,         0.15,       0.0767,        0.148,        0.112,        0.101,        0.191,        0.146,        0.144,      0.00962,       2.4473e-05,       4.2809e-09,       2.4477e-05,       0.0976,        0.143,       0.0679,        0.132,       0.0997,       0.0994,         0.18,         0.14,       0.0203,      0.00135
       140, 2996.778,    0.005,       2.5404e-05,       9.9116e-08,       2.5503e-05,        0.106,        0.145,       0.0726,        0.144,        0.108,       0.0959,        0.186,        0.141,        0.106,      0.00708,       2.4572e-05,       3.4756e-09,       2.4575e-05,       0.0976,        0.143,       0.0675,        0.132,       0.0997,       0.0986,        0.181,         0.14,       0.0172,      0.00115
       141, 3018.820,    0.005,       2.4484e-05,       1.2255e-07,       2.4607e-05,        0.105,        0.143,       0.0735,         0.14,        0.107,       0.0968,        0.181,        0.139,         0.12,      0.00798,       2.4328e-05,       3.8359e-09,       2.4331e-05,       0.0974,        0.142,       0.0675,        0.132,       0.0995,       0.0987,         0.18,        0.139,       0.0178,      0.00119
       142, 3040.704,    0.005,       2.5444e-05,       1.1258e-07,       2.5557e-05,        0.107,        0.145,       0.0755,        0.143,        0.109,       0.0999,        0.184,        0.142,         0.12,      0.00799,       2.4386e-05,        5.383e-09,       2.4392e-05,       0.0971,        0.142,       0.0673,        0.131,       0.0993,       0.0988,         0.18,        0.139,       0.0225,       0.0015
       143, 3061.943,    0.005,       2.4002e-05,       1.2386e-07,       2.4126e-05,        0.104,        0.141,       0.0723,        0.139,        0.106,       0.0952,         0.18,        0.138,        0.122,      0.00811,       2.4207e-05,       4.5988e-09,       2.4212e-05,       0.0968,        0.142,       0.0669,        0.131,       0.0989,       0.0982,        0.179,        0.139,       0.0181,      0.00121
       144, 3083.429,    0.005,       3.1317e-05,       1.4885e-07,       3.1466e-05,        0.117,        0.161,       0.0811,        0.159,         0.12,        0.107,        0.207,        0.157,         0.13,      0.00865,       2.4226e-05,       3.8359e-09,        2.423e-05,       0.0971,        0.142,        0.067,        0.131,       0.0992,       0.0977,         0.18,        0.139,       0.0184,      0.00123
       145, 3104.584,    0.005,       2.4899e-05,        1.218e-07,       2.5021e-05,        0.106,        0.144,       0.0741,        0.142,        0.108,       0.0972,        0.183,         0.14,        0.125,      0.00836,       2.3896e-05,        5.383e-09,       2.3901e-05,       0.0967,        0.141,       0.0673,         0.13,       0.0988,       0.0985,        0.177,        0.138,       0.0216,      0.00144
       146, 3125.829,    0.005,       2.6521e-05,         1.51e-07,       2.6672e-05,        0.109,        0.149,       0.0771,        0.146,        0.111,        0.102,        0.188,        0.145,        0.127,      0.00849,       2.3638e-05,       4.8108e-09,       2.3643e-05,       0.0962,         0.14,       0.0672,        0.129,       0.0983,       0.0981,        0.176,        0.137,       0.0222,      0.00148
       147, 3146.920,    0.005,       2.3882e-05,       1.2015e-07,       2.4002e-05,        0.104,        0.141,       0.0729,        0.139,        0.106,       0.0959,        0.179,        0.137,        0.121,      0.00804,        2.353e-05,       4.4717e-09,       2.3535e-05,       0.0957,         0.14,        0.067,        0.129,       0.0978,       0.0979,        0.176,        0.137,       0.0206,      0.00138
       148, 3168.356,    0.005,       2.3679e-05,       1.5297e-07,       2.3832e-05,        0.103,         0.14,       0.0731,        0.138,        0.105,       0.0962,        0.178,        0.137,        0.138,      0.00919,       2.3674e-05,        4.726e-09,       2.3679e-05,        0.096,         0.14,       0.0669,        0.129,       0.0981,       0.0975,        0.177,        0.137,       0.0213,      0.00142
       149, 3189.569,    0.005,       2.4112e-05,       9.5591e-08,       2.4208e-05,        0.104,        0.142,        0.074,        0.139,        0.107,       0.0975,        0.179,        0.138,        0.109,      0.00729,       2.3744e-05,       5.4677e-09,       2.3749e-05,        0.096,        0.141,       0.0664,         0.13,       0.0981,       0.0977,        0.177,        0.137,       0.0219,      0.00146
       150, 3210.825,    0.005,       2.7061e-05,       2.3163e-07,       2.7293e-05,         0.11,         0.15,       0.0762,        0.148,        0.112,          0.1,        0.192,        0.146,        0.157,       0.0105,       2.3704e-05,       3.4968e-09,       2.3707e-05,       0.0961,         0.14,       0.0666,         0.13,       0.0982,       0.0979,        0.177,        0.137,       0.0178,      0.00119
       151, 3232.163,    0.005,       2.4876e-05,       1.4447e-07,       2.5021e-05,        0.105,        0.144,       0.0724,        0.143,        0.108,       0.0954,        0.184,         0.14,        0.134,      0.00895,       2.3511e-05,       4.7472e-09,       2.3516e-05,       0.0957,         0.14,       0.0667,        0.129,       0.0977,       0.0975,        0.176,        0.137,       0.0197,      0.00131
       152, 3253.772,    0.005,       2.2437e-05,       1.1384e-07,       2.2551e-05,        0.101,        0.137,       0.0708,        0.135,        0.103,       0.0933,        0.173,        0.133,        0.117,      0.00778,       2.3091e-05,        4.726e-09,       2.3096e-05,       0.0946,        0.139,        0.066,        0.127,       0.0966,       0.0973,        0.174,        0.136,         0.02,      0.00133
       153, 3275.307,    0.005,       2.4237e-05,       1.3962e-07,       2.4377e-05,        0.105,        0.142,        0.074,         0.14,        0.107,       0.0971,         0.18,        0.139,        0.129,      0.00857,       2.2993e-05,       4.4929e-09,       2.2997e-05,       0.0948,        0.138,       0.0657,        0.128,       0.0968,        0.097,        0.174,        0.135,       0.0194,      0.00129
       154, 3296.559,    0.005,       2.4881e-05,        1.449e-07,       2.5025e-05,        0.104,        0.144,       0.0722,        0.141,        0.107,       0.0948,        0.185,         0.14,         0.13,      0.00866,       2.2878e-05,       3.3908e-09,       2.2881e-05,       0.0947,        0.138,       0.0658,        0.128,       0.0967,       0.0967,        0.173,        0.135,       0.0184,      0.00123
       155, 3319.070,    0.005,       2.1676e-05,       1.0464e-07,       2.1781e-05,       0.0982,        0.134,       0.0682,        0.133,          0.1,       0.0901,        0.171,        0.131,         0.11,      0.00733,       2.2986e-05,       4.7684e-09,       2.2991e-05,       0.0945,        0.138,       0.0653,        0.128,       0.0966,       0.0963,        0.174,        0.135,       0.0228,      0.00152
       156, 3340.484,    0.005,       2.2873e-05,       1.5674e-07,        2.303e-05,        0.101,        0.138,       0.0705,        0.136,        0.103,       0.0928,        0.176,        0.134,        0.137,      0.00913,       2.2333e-05,       4.4717e-09,       2.2337e-05,       0.0935,        0.136,       0.0648,        0.126,       0.0955,       0.0951,        0.172,        0.133,       0.0203,      0.00135
       157, 3361.697,    0.005,       2.1526e-05,       1.2632e-07,       2.1652e-05,       0.0988,        0.134,       0.0704,        0.131,        0.101,       0.0927,        0.169,        0.131,        0.125,      0.00836,       2.2327e-05,       5.8916e-09,       2.2333e-05,       0.0937,        0.136,        0.065,        0.127,       0.0958,       0.0955,        0.171,        0.133,       0.0209,       0.0014
       158, 3383.171,    0.005,       2.4816e-05,       1.0657e-07,       2.4922e-05,        0.105,        0.144,       0.0744,         0.14,        0.107,       0.0989,        0.182,         0.14,         0.11,      0.00736,       2.2624e-05,       4.3021e-09,       2.2628e-05,       0.0939,        0.137,        0.065,        0.127,       0.0959,        0.096,        0.173,        0.134,       0.0194,      0.00129
       159, 3404.628,    0.005,       2.7185e-05,       1.5147e-07,       2.7337e-05,        0.109,         0.15,       0.0752,        0.148,        0.112,        0.099,        0.193,        0.146,        0.137,      0.00915,       2.2528e-05,       4.8531e-09,       2.2532e-05,       0.0941,        0.137,        0.065,        0.127,       0.0961,        0.095,        0.173,        0.134,       0.0206,      0.00138
       160, 3425.865,    0.005,       2.0143e-05,       1.3935e-07,       2.0282e-05,       0.0948,        0.129,       0.0662,        0.127,       0.0968,       0.0872,        0.165,        0.126,        0.133,       0.0089,       2.2386e-05,       3.7087e-09,        2.239e-05,       0.0936,        0.136,       0.0647,        0.127,       0.0956,       0.0954,        0.172,        0.134,       0.0187,      0.00125
       161, 3447.312,    0.005,       2.4882e-05,       9.8668e-08,       2.4981e-05,        0.105,        0.144,        0.073,        0.141,        0.107,       0.0966,        0.184,         0.14,        0.108,      0.00722,       2.2037e-05,       5.1286e-09,       2.2042e-05,       0.0928,        0.135,       0.0641,        0.126,       0.0949,       0.0939,        0.171,        0.132,       0.0209,       0.0014
       162, 3468.598,    0.005,       2.2947e-05,       1.3053e-07,       2.3078e-05,        0.102,        0.138,       0.0729,        0.136,        0.104,       0.0961,        0.174,        0.135,        0.123,       0.0082,       2.2267e-05,       4.4717e-09,       2.2272e-05,        0.093,        0.136,        0.064,        0.126,       0.0951,       0.0946,        0.172,        0.133,       0.0206,      0.00138
       163, 3490.143,    0.005,       2.7372e-05,       1.7983e-07,       2.7552e-05,         0.11,        0.151,       0.0773,        0.148,        0.113,        0.102,        0.192,        0.147,        0.149,      0.00991,       2.2327e-05,       3.9419e-09,       2.2331e-05,       0.0928,        0.136,       0.0644,        0.125,       0.0949,       0.0958,        0.171,        0.133,       0.0187,      0.00125
       164, 3511.307,    0.005,       2.2413e-05,       1.4461e-07,       2.2558e-05,          0.1,        0.137,       0.0689,        0.135,        0.102,        0.091,        0.175,        0.133,        0.132,      0.00878,       2.2068e-05,       3.4756e-09,       2.2071e-05,       0.0928,        0.135,       0.0639,        0.126,       0.0948,        0.094,        0.171,        0.132,       0.0181,      0.00121
       165, 3532.952,    0.005,       2.2506e-05,       1.5103e-07,       2.2657e-05,       0.0988,        0.137,       0.0668,        0.135,        0.101,       0.0879,        0.177,        0.132,        0.136,      0.00907,       2.2322e-05,       5.1922e-09,       2.2327e-05,        0.093,        0.136,       0.0642,        0.126,       0.0951,       0.0946,        0.172,        0.133,       0.0203,      0.00135
       166, 3554.383,    0.005,       2.2885e-05,       1.1936e-07,       2.3005e-05,          0.1,        0.138,       0.0694,        0.136,        0.103,       0.0914,        0.177,        0.134,         0.11,      0.00734,         2.21e-05,       4.3657e-09,       2.2104e-05,       0.0923,        0.136,        0.064,        0.125,       0.0944,       0.0945,        0.171,        0.133,       0.0206,      0.00138
       167, 3576.122,    0.005,       2.6009e-05,       9.2799e-08,       2.6102e-05,        0.108,        0.147,       0.0762,        0.145,         0.11,       0.0999,        0.187,        0.143,        0.103,      0.00687,       2.2052e-05,        3.963e-09,       2.2056e-05,       0.0927,        0.135,       0.0642,        0.125,       0.0947,       0.0943,        0.171,        0.133,       0.0178,      0.00119
       168, 3597.250,    0.005,       2.1835e-05,       1.2748e-07,       2.1963e-05,       0.0989,        0.135,       0.0689,        0.133,        0.101,       0.0906,        0.172,        0.131,        0.123,      0.00818,       2.1722e-05,       5.2346e-09,       2.1727e-05,       0.0919,        0.134,        0.064,        0.124,       0.0939,       0.0941,        0.169,        0.132,       0.0231,      0.00154
       169, 3619.028,    0.005,       2.1012e-05,       1.5684e-07,       2.1169e-05,        0.097,        0.132,       0.0682,         0.13,        0.099,       0.0897,        0.168,        0.129,        0.141,      0.00943,       2.1607e-05,       4.7472e-09,       2.1612e-05,       0.0917,        0.134,       0.0636,        0.124,       0.0937,       0.0938,        0.169,        0.131,       0.0206,      0.00138
       170, 3640.623,    0.005,       2.1819e-05,       1.0271e-07,       2.1922e-05,       0.0994,        0.135,        0.069,        0.134,        0.102,       0.0902,        0.172,        0.131,         0.11,      0.00735,       2.1585e-05,        4.726e-09,        2.159e-05,       0.0916,        0.134,       0.0635,        0.124,       0.0936,       0.0938,        0.169,        0.131,       0.0191,      0.00127
       171, 3661.806,    0.005,       2.2254e-05,       6.5746e-08,        2.232e-05,       0.0998,        0.136,       0.0683,        0.136,        0.102,       0.0897,        0.175,        0.132,       0.0865,      0.00577,       2.1371e-05,       4.4717e-09,       2.1376e-05,       0.0913,        0.133,       0.0635,        0.123,       0.0933,       0.0936,        0.168,        0.131,       0.0203,      0.00135
       172, 3683.066,    0.005,        2.066e-05,       7.3732e-08,       2.0734e-05,       0.0963,        0.131,       0.0672,         0.13,       0.0984,       0.0882,        0.167,        0.128,       0.0922,      0.00614,       2.1222e-05,        5.277e-09,       2.1227e-05,        0.091,        0.133,       0.0633,        0.123,        0.093,        0.093,        0.167,         0.13,       0.0203,      0.00135
       173, 3704.352,    0.005,       2.0065e-05,       1.5524e-07,       2.0221e-05,        0.095,        0.129,        0.067,        0.127,       0.0969,       0.0879,        0.164,        0.126,        0.141,      0.00942,       2.1144e-05,       4.9591e-09,       2.1149e-05,       0.0907,        0.133,       0.0631,        0.122,       0.0926,       0.0933,        0.167,         0.13,       0.0228,      0.00152
       174, 3725.604,    0.005,        2.323e-05,       1.3666e-07,       2.3367e-05,        0.102,        0.139,        0.071,        0.138,        0.104,        0.093,        0.178,        0.135,        0.128,      0.00852,       2.1264e-05,       3.4756e-09,       2.1267e-05,        0.091,        0.133,       0.0631,        0.123,       0.0929,       0.0935,        0.167,         0.13,       0.0178,      0.00119
       175, 3746.796,    0.005,        1.913e-05,       7.4817e-08,       1.9205e-05,       0.0936,        0.126,       0.0669,        0.124,       0.0955,       0.0877,        0.159,        0.123,       0.0941,      0.00627,       2.1426e-05,       4.3657e-09,       2.1431e-05,       0.0911,        0.133,       0.0629,        0.123,       0.0931,       0.0932,        0.168,        0.131,       0.0175,      0.00117
       176, 3768.106,    0.005,       2.1728e-05,       9.6626e-08,       2.1824e-05,       0.0985,        0.134,       0.0689,        0.132,        0.101,        0.091,        0.171,        0.131,        0.111,      0.00739,       2.1228e-05,        5.171e-09,       2.1233e-05,       0.0906,        0.133,       0.0628,        0.122,       0.0926,       0.0936,        0.167,         0.13,         0.02,      0.00133
       177, 3789.446,    0.005,       1.8378e-05,       8.5099e-08,       1.8463e-05,       0.0911,        0.124,       0.0639,        0.122,        0.093,       0.0839,        0.157,        0.121,        0.104,      0.00691,       2.0894e-05,       4.4293e-09,       2.0899e-05,       0.0901,        0.132,       0.0628,        0.121,       0.0921,       0.0928,        0.166,        0.129,       0.0172,      0.00115
       178, 3810.782,    0.005,       2.6248e-05,       1.7264e-07,       2.6421e-05,        0.108,        0.148,       0.0761,        0.145,         0.11,          0.1,        0.188,        0.144,        0.142,      0.00946,       2.1352e-05,       3.8571e-09,       2.1355e-05,       0.0907,        0.133,       0.0627,        0.123,       0.0927,        0.093,        0.168,         0.13,       0.0169,      0.00113
       179, 3832.151,    0.005,       2.0008e-05,       1.2286e-07,       2.0131e-05,       0.0949,        0.129,       0.0662,        0.128,       0.0969,       0.0872,        0.164,        0.126,        0.123,       0.0082,       2.1248e-05,       4.9167e-09,       2.1253e-05,       0.0905,        0.133,       0.0622,        0.123,       0.0925,       0.0921,        0.168,         0.13,       0.0216,      0.00144
       180, 3853.597,    0.005,       1.8217e-05,       9.1566e-08,       1.8309e-05,       0.0909,        0.123,        0.064,        0.122,       0.0928,       0.0842,        0.156,         0.12,        0.105,      0.00703,       2.1119e-05,       4.4717e-09,       2.1124e-05,       0.0904,        0.133,       0.0619,        0.123,       0.0924,       0.0915,        0.168,         0.13,       0.0178,      0.00119
       181, 3874.989,    0.005,       1.9054e-05,       7.4923e-08,       1.9129e-05,       0.0923,        0.126,       0.0644,        0.124,       0.0942,       0.0851,         0.16,        0.123,       0.0957,      0.00638,       2.0949e-05,       3.6875e-09,       2.0952e-05,         0.09,        0.132,       0.0617,        0.122,        0.092,       0.0914,        0.167,        0.129,       0.0159,      0.00106
       182, 3896.017,    0.005,       2.0684e-05,        1.217e-07,       2.0805e-05,       0.0962,        0.131,       0.0659,        0.131,       0.0984,       0.0862,        0.168,        0.127,        0.123,      0.00819,       2.0914e-05,       4.2174e-09,       2.0919e-05,       0.0904,        0.132,       0.0621,        0.123,       0.0924,       0.0916,        0.166,        0.129,         0.02,      0.00133
       183, 3917.543,    0.005,       2.0735e-05,       1.9473e-07,        2.093e-05,       0.0965,        0.131,       0.0681,        0.129,       0.0985,       0.0897,        0.167,        0.128,         0.15,         0.01,       2.0697e-05,       5.0227e-09,       2.0702e-05,       0.0899,        0.131,       0.0617,        0.122,        0.092,       0.0905,        0.166,        0.128,       0.0194,      0.00129
       184, 3938.807,    0.005,       2.0454e-05,       1.4122e-07,       2.0595e-05,       0.0957,         0.13,       0.0655,         0.13,       0.0978,       0.0857,        0.167,        0.127,        0.131,      0.00874,       2.0552e-05,       4.0902e-09,       2.0556e-05,       0.0893,        0.131,       0.0614,        0.121,       0.0913,       0.0908,        0.165,        0.128,       0.0188,      0.00125
       185, 3960.142,    0.005,       1.8983e-05,       1.3667e-07,       1.9119e-05,       0.0927,        0.126,       0.0645,        0.125,       0.0947,       0.0848,         0.16,        0.122,        0.126,      0.00842,       2.0628e-05,       4.2174e-09,       2.0632e-05,       0.0894,        0.131,       0.0615,        0.121,       0.0914,       0.0915,        0.165,        0.128,       0.0181,      0.00121
       186, 3981.364,    0.005,       1.8647e-05,       1.0594e-07,       1.8752e-05,       0.0917,        0.125,       0.0651,        0.122,       0.0936,       0.0858,        0.158,        0.122,        0.112,      0.00745,       2.0537e-05,       4.7684e-09,       2.0541e-05,        0.089,        0.131,       0.0612,        0.121,        0.091,        0.091,        0.165,        0.128,       0.0194,      0.00129
       187, 4002.625,    0.005,       1.9212e-05,       9.4292e-08,       1.9306e-05,       0.0929,        0.126,       0.0646,        0.125,       0.0949,       0.0852,        0.161,        0.123,         0.11,      0.00733,       2.0409e-05,       4.0054e-09,       2.0413e-05,       0.0889,         0.13,       0.0615,         0.12,       0.0909,       0.0911,        0.164,        0.128,       0.0194,      0.00129
       188, 4024.054,    0.005,       1.8774e-05,       7.9686e-08,       1.8853e-05,       0.0918,        0.125,       0.0641,        0.123,       0.0938,       0.0844,        0.159,        0.122,        0.097,      0.00647,       2.0399e-05,       4.7684e-09,       2.0403e-05,       0.0889,         0.13,       0.0612,         0.12,       0.0908,       0.0906,        0.164,        0.127,       0.0194,      0.00129
       189, 4045.361,    0.005,       1.9479e-05,       1.1576e-07,       1.9595e-05,       0.0942,        0.127,       0.0679,        0.124,       0.0961,       0.0895,         0.16,        0.125,        0.114,      0.00758,       2.0319e-05,       4.3233e-09,       2.0324e-05,       0.0884,         0.13,        0.061,         0.12,       0.0904,       0.0906,        0.164,        0.127,       0.0197,      0.00131
       190, 4066.897,    0.005,       1.8029e-05,       7.6481e-08,       1.8105e-05,       0.0905,        0.122,       0.0639,        0.121,       0.0924,       0.0835,        0.155,        0.119,       0.0981,      0.00654,        2.011e-05,       5.2134e-09,       2.0115e-05,       0.0883,        0.129,       0.0608,         0.12,       0.0903,       0.0904,        0.163,        0.127,       0.0213,      0.00142
       191, 4088.285,    0.005,       2.0898e-05,        1.228e-07,       2.1021e-05,       0.0961,        0.132,       0.0672,        0.129,       0.0981,       0.0889,        0.168,        0.128,        0.121,      0.00809,       2.0181e-05,       3.8995e-09,       2.0185e-05,       0.0886,         0.13,        0.061,         0.12,       0.0905,         0.09,        0.163,        0.127,       0.0181,      0.00121
       192, 4109.219,    0.005,       2.3276e-05,       1.2492e-07,       2.3401e-05,        0.101,        0.139,        0.069,        0.137,        0.103,       0.0907,        0.179,        0.135,        0.118,      0.00784,       2.0037e-05,       4.2597e-09,       2.0041e-05,       0.0883,        0.129,       0.0611,        0.119,       0.0902,       0.0905,        0.162,        0.126,       0.0178,      0.00119
       193, 4130.499,    0.005,        2.022e-05,       1.0393e-07,       2.0324e-05,       0.0941,         0.13,       0.0652,        0.127,       0.0962,        0.086,        0.166,        0.126,         0.11,      0.00733,       1.9842e-05,       4.4081e-09,       1.9847e-05,       0.0879,        0.128,       0.0611,        0.119,       0.0898,       0.0904,        0.161,        0.126,       0.0188,      0.00125
       194, 4151.872,    0.005,       1.9436e-05,       1.3108e-07,       1.9567e-05,       0.0933,        0.127,       0.0642,        0.126,       0.0954,       0.0842,        0.163,        0.124,        0.127,      0.00846,       2.0066e-05,        4.726e-09,       2.0071e-05,       0.0883,        0.129,       0.0609,         0.12,       0.0903,       0.0902,        0.163,        0.126,         0.02,      0.00133
       195, 4173.303,    0.005,       1.7669e-05,       1.2137e-07,        1.779e-05,       0.0893,        0.121,       0.0633,        0.119,       0.0912,       0.0831,        0.154,        0.118,        0.123,      0.00817,       1.9736e-05,       4.0054e-09,        1.974e-05,       0.0875,        0.128,       0.0606,        0.118,       0.0895,       0.0898,        0.161,        0.125,       0.0191,      0.00127
       196, 4194.767,    0.005,       1.8274e-05,       7.2487e-08,       1.8347e-05,       0.0912,        0.123,       0.0649,        0.121,       0.0931,        0.085,        0.156,         0.12,       0.0925,      0.00617,       1.9876e-05,       3.9419e-09,        1.988e-05,       0.0878,        0.129,       0.0607,        0.119,       0.0897,       0.0897,        0.162,        0.126,       0.0178,      0.00119
       197, 4216.355,    0.005,       1.7437e-05,       9.1343e-08,       1.7528e-05,       0.0889,         0.12,       0.0627,        0.119,       0.0907,       0.0821,        0.153,        0.117,        0.106,      0.00707,       1.9758e-05,       4.2809e-09,       1.9762e-05,       0.0872,        0.128,       0.0603,        0.118,       0.0891,       0.0893,        0.162,        0.125,       0.0197,      0.00131
       198, 4237.631,    0.005,       1.8251e-05,       2.1327e-07,       1.8464e-05,       0.0908,        0.123,       0.0635,        0.122,       0.0927,       0.0835,        0.157,         0.12,        0.158,       0.0105,       1.9531e-05,       4.1962e-09,       1.9536e-05,        0.087,        0.127,       0.0601,        0.118,       0.0889,       0.0889,        0.161,        0.125,       0.0175,      0.00117
       199, 4258.973,    0.005,       1.7756e-05,       1.1192e-07,       1.7868e-05,       0.0897,        0.122,       0.0629,         0.12,       0.0916,       0.0826,        0.154,        0.119,        0.117,      0.00779,       1.9476e-05,       4.5141e-09,       1.9481e-05,       0.0868,        0.127,       0.0602,        0.117,       0.0887,       0.0893,         0.16,        0.125,       0.0197,      0.00131
       200, 4280.225,    0.005,        1.953e-05,       6.0291e-08,        1.959e-05,       0.0935,        0.127,       0.0646,        0.127,       0.0956,       0.0848,        0.163,        0.124,       0.0825,       0.0055,       1.9353e-05,       4.7684e-09,       1.9358e-05,       0.0868,        0.127,         0.06,        0.117,       0.0888,       0.0895,        0.159,        0.124,         0.02,      0.00133
